Title,Language,Release Date,Genre(s),Runtime (mins),Director,Lead Actor(s),IMDb,BMS,Avg Rating
Pazhagiya Naatkal,Tamil,19-Feb-21,"Drama, Romance",127,Ram Dev,"Meeran, Meghana, Nellai Siva",9,7.4,8.2
Pen Paadhi Aadai Paadhi,Tamil,2021,"Social Drama, Thriller",45,"Harish Usha Sampath, Vignesh J. Narayanan","Annie, Sudarsan Gunasekaran, Lizzie Antony",8.9,,8.9
Kadaisi Vivasayi,Tamil,11 Feb 2022 (theatrical since 2021 deferrals),Drama,144,M. Manikandan,"Vijay Sethupathi, Yogi Babu",8.7,9.1,8.9
Jai Bhim,Tamil,2 Nov 2021 (OTT),"Legal, Drama",164,TJ Gnanavel,"Suriya, Lijomol Jose, Rajisha Vijayan, Prakash Raj",8.6,,8.6
Labour,Tamil,31-Dec-21,Drama,100,Sathyapathi,"Muthu Kumar, Saranya Ravichandran, Murugan Arumugam",8.6,7.2,7.9
Sarpatta Parambarai,Tamil,22-Jul-21,"Sports, Drama, Action",174,Pa. Ranjith,"Arya, Dushara Vijayan, Pasupathy, John Kokken",8.5,,8.5
Mandela,Tamil,04-Apr-21,"Political Satire, Comedy‑Drama",140,Madonne Ashwin,"Yogi Babu, Sheela Rajkumar",8.3,,8.3
Maanaadu,Tamil,25-Nov-21,"Sci‑Fi, Political Thriller",147,Venkat Prabhu,"Silambarasan, SJ Suryah, Kalyani Priyadarshan",8.2,9,8.6
Chinnanjiru Kiliye,Tamil,24-Sep-21,"Drama, Family, Romantic",128,Sabarinathan Muthupandian,"Senthilnathan, Sandra Nair, Archana Singh",8.2,7.8,8
Karnan,Tamil,09-Apr-21,"Action, Drama",158,Mari Selvaraj,"Dhanush, Lal, Yogi Babu, Rajisha Vijayan",8,8.3,8.2
Vinodhaya Sitham,Tamil,Oct-21,"Comedy, Drama, Fantasy",97,Samuthirakani,"Samuthirakani, Thambi Ramaiah",8,,8
Thaen,Tamil,12 Nov 2021?,"Drama, Social",104,Ganesh Vinayak,"Bharathiraja, Rohini, Vasanth Ravi",8,,8
Rocky,Tamil,,"Crime, Drama",129,Arun Matheswaran,"Vasanth Ravi, Raveena Ravi",7.8,,7.8
Operation JuJuPi,Tamil,,"Comedy, Fantasy",94,"Arun Kanth, Chaams","Arunkanth, Chaams",7.8,,7.8
C/O Kaadhal,Tamil,15 Oct 2021?,"Anthology, Romance, Drama",134,Hemambar Jasti,"Sai Dharam Tej, Megha Akash, Samuthirakani",7.7,,7.7
Writer,Tamil,22-Jul-21,"Crime, Drama, Thriller",150,Franklin Jacob,Samuthirakani,7.6,,7.6
Irai Thedal,Tamil,06-Aug-21,"Crime, Thriller",102, K. S. Karthik,"Sanuja Somanath, Krishnajith Vijayan, Supriya Ravi",7.6,,7.6
Maara,Tamil,08-Jan-21,"Adventure, Drama",150,Dhilip Kumar,"R. Madhavan, Shraddha Srinath",7.5,7.7,7.6
Ninnila Ninnila,Tamil,26 Feb 2021¹,"Romance, Comedy",118,Ani I.V. Sasi,"Ashok Selvan, Ritu Varma, Nithya Menen",7.5,,7.5
Choo Mandhirakaali,Tamil,24-Sep-21,"Comedy, Fantasy",128,Eswar Kotravai,"Sanjana Burli, Karthikeyan Velu",7.5,8.0 ,7.8
Master,Tamil,13-Jan-21,"Action, Crime, Drama",179,Lokesh Kanagaraj,"Vijay, Vijay Sethupathi, Malavika Mohanan",7.4,8.8 ,8.1
Kamali from Nadukkaveri,Tamil,19-Nov-21,"Drama, Social",147,Krishna Raghavan,"Aishwarya Rajesh, Rohini, Anandhi",7.4,,7.4
Kadaseela Biriyani,Tamil,26-Feb-21,"Comedy, Drama",115,Nishanth Ravindaran,"Charle, Dheena, Mahima Nambiar",7.4,,7.4
Madurai Manikkuravar,Tamil,2021,Drama,122,Muthukumar,"Vinodhini Vaidyanathan, Vivek Prasanna",7.4,,7.4
Filter Gold,Tamil,20-Feb-21,"Drama, Social",118,Prabhu Manivannan,"Kani Kusruti, Sachu, Gayathri Krishnaa",7.3,,7.3
Kasada Thapara,Tamil,14 May 2021²,"Drama, Anthology",137,"Chimbudevan, Vinoth, & 8 others","Harish Kalyan, Priya Bhavani Shankar, Sundeep Kishan",7.2,,7.2
Thittam Irandu,Tamil,30-Jul-21,"Crime, Thriller, Drama",71,Vignesh Karthick,"Aishwarya Rajesh, Pavel Navageethan",7.1,,7.1
Oh Manapenne,Tamil,22-Oct-21,"Romantic Comedy, Drama",140,Kaarthikk Sundar,"Harish Kalyan, Priya Bhavani Shankar",7.1,,7.1
Pebbles,Tamil,2021,Drama,75,PS Vinothraj,"Master Kaala, Subramaniam Sivakami",7,,7
Aelay,Tamil,2021,"Drama, Comedy",153,Halitha Shameem,"Samuthirakani, Vivek Prasanna",7,,7
The Road to Kuthriyar,Tamil,2021,"Drama, Adventure",115,Suresh Thirunavukarasu,"Dhruv, Dorai (actors not widely listed)",6.9,,6.9
Alpha Adimai,Tamil,2021,"Crime, Drama",89,Bala J.,"Munishkanth, Aruvi",6.9,,6.9
Amanuda,Tamil,2021,"Horror, Thriller",101,Chadha Navasy,--,6.9,,6.9
Mathil,Tamil,2021,Social Drama,104,Mithran Jawahar,"Karthi, Raashii Khanna",6.9,,6.9
Kodiyil Oruvan,Tamil,2021,"Action, Drama",151,Ananth Ramadoss,"Vijay Antony, Divya Prabha",6.7,,6.7
Vaazhl,Tamil,2021,"Drama, Adventure",112,Arun Prabhu Purushothaman,"TJ Bhanu, Aahrav, Diva Dhawan",6.7,,6.7
Irudhi Pakkam,Tamil,17-Dec-21,"Crime, Mystery, Thriller",95,Mano Ve Kannathasan,"Amrutha Srinivasan, Rajesh Balachandiran, Vignesh Shanmugam",6.7,,6.7
Anbirkiniyal,Tamil,05-Mar-21,Survival Thriller,124,Gokul,"Keerthi Pandian, Arun Pandian",6.7,8,7.35
Appathava Aattaya Pottutanga,Tamil,19-Feb-21,"Comedy, Romance",102,Vignesh Kumar,"Vinodhini Vaidyanathan, Ashok Kumar",6.7,,6.7
Endraavathu Oru Naal,Tamil,19-Mar-21,Drama,108,Seenu Ramasamy,"Aadukalam Naren, Iniya, Azhagam Perumal",6.7,,6.7
Chithirai Sevvaanam,Tamil,08-Apr-21,"Crime, Drama",128,Rajadurai Sithara,"Samuthirakani, Rima Kallingal, Vidya Pradeep",6.6,,6.6
Theerpugal Virkapadum,Tamil,26-Mar-21,Medical Thriller,125,S. A. Chandrasekhar,"Mahendran, Kavya Thapar",6.6,,6.6
Manja Satta Pacha Satta,Tamil,—,Political Thriller,—,A. Sivakumar,—,6.6,,6.6
Valiyor Silar,Tamil,—,Drama,—,Harish Ram,—,6.6,,6.6
Lift,Tamil,27-Aug-21,"Horror, Thriller",134,Vineeth Varaprasad,"Kavin, Amritha Aiyer",6.5,,6.55
Vellai Yaanai,Tamil,12-Feb-21,Social Drama,127,Subramaniam Siva,"S. Sathya, Manasvi Kottachi",6.5,,6.5
Kalathil Sandhippom,Tamil,3 Dec 2021?,"Friendship, Sports, Drama",138,A. Tamil Selvan,"Ma Ka Pa Anand, Priya Bhavani Shankar",6.5,,6.5
Kayamai Kadakka,Tamil,26-Nov-21,"Thriller, Drama",104,Milind Rau,"Niranjan Reddy, Karthik Raju",6.4,,6.4
Malaysia to Amnesia,Tamil,03-Sep-21,"Drama, Comedy",116,Venkatesh B,"M. S. Bhaskar, Vaibhav Reddy, Karunakaran",6.4,,6.4
Blood Money,Tamil,12-Nov-21,"Crime, Thriller",90,Sarjun KM,"Bindu Madhavi, Shantanu Baghel (?)",6.4,,6.4
IKK,Tamil,21-May-21,Psychological Drama,109,Sarjun KM,"Suresh Ravi, Abhilash, Gayathrie Shankar",6.4,,6.4
Chakra,Tamil,14-Oct-21,"Action, Thriller",131,MS Anandan,"Vishal, Shraddha Srinath",6.3,,6.3
Teddy,Tamil,29-Jul-21,"Comedy, Thriller",136,Shakti Soundar Rajan,"Jai, Yogi Babu",6.3,,6.3
Kabadadaari,Tamil,30-Apr-21,"Mystery, Thriller",146,Pradeep Krishnamoorthy,Sibi Sathyaraj,6.3,,6.3
Raame Aandalum Raavane Aandalum,Tamil,29-Oct-21,Social Drama,112,Arisil Moorthy,"Karunas, Jamuna",6.3,,6.3
R23 Criminals Diary,Tamil,24-Sep-21,"Crime, Mystery",110,Ramesh Santhanam,Suresh Ravi,6.3,,6.3
Meendum,Tamil,2021 (digital),"Horror, Thriller",127,Azhar,"Lal, Napoleon, Harish Uthaman",6.3,,6.3
Sulthan,Tamil,02-Sep-21,"Action, Drama",145,Bakkiyaraj Kannan,"Karthi, Rashmika Mandanna, Napoleon",6.2,,6.2
Dikkiloona,Tamil,11-Jun-21,"Comedy, Sci‑Fi",145,Seenu Ramasamy,"Santhanam, Yogi Babu, Raashii Khanna",6.2,,6.2
Theethum Nandrum,Tamil,11-Feb-21,"Action, Drama",143,S. Suresh Kumar,"Mithun Manickam, Prithika Santhe",6.2,,6.2
Sanga Thalaivan,Tamil,14-Dec-21,Political Drama,123,M. Rajesh,"Arun Vijay, Keerthy Suresh, Varalaxmi Sarathkumar",6.2,,6.2
Enemy,Tamil,4 Feb 2022*,"Action, Drama",159,Anand Shankar,"Vishal, Arya, Mirnalini Ravi, Prakash Raj",6.1,,6.1
Sivakumarin Sabadham,Tamil,29-Oct-21,Drama,135,R. Krishnamoorthy,"Aadhav Balaji, G.V. Prakash Kumar, Varalaxmi Sarathkumar",6,,6
Bachelor,Tamil,30-Apr-21,"Comedy‑Drama, Romance",174,Bommarillu Bhaskar,"G.V. Prakash Kumar, Divya Dharshini, Ancy Sunmoon",6,,6
Nenjam Marappathillai,Tamil,14 Jan 2022*,Horror,150,Selvaraghavan,"Regina Cassandra, Mahima Nambiar, Nandha Durairaj",6,,6
Vanam,Tamil,22-Oct-21,"Horror, Mystery",124,Lokesh Kumar Rajendran,"Vetri, Bharath, Shraddha Srinath",6,,6
,,,,,,,,,
,,,,,,,,,
Title,Language,Release Date,Genre(s),Runtime (mins),Director,Lead Actor(s),IMDb Rating,BookMyShow Rating (/10),Average Rating (/10)
Ziel,Malayalam,,"Thriller, Mystery",,Karundas,Arun Pradeep,9.4,,9.4
Operation Olipporu,Malayalam,23/01/21,"Action, Comedy, Thriller",58,Akshay Ajayakumar,"Akhil S., Arjun R. S., Ananthan G.T., Ajit Kumar",9,,9
Velukkakka Oppu Kaa,Malayalam,06/07/21,"Drama, Social",101,Ashok R. Kalitha,"Indrans, Uma K.P., Saju Navodaya, Naseer Sankranthy",8.9,,8.9
Vellakkarante Kamuki,Malayalam,28/10/21,"Comedy, Drama",150,Anees B. S.,"Aniyappan, Jaffer Idukki, Anu Joseph, Randev Sharma",8.8,,8.8
#Home,Malayalam,19/08/21,Drama,158,Rojin Thomas,"Indrans, Sreenath Bhasi, Naslen K. Gafoor, Deepa Thomas, Manju Pillai",8.7,,8.7
Babysam,Malayalam,,"Family, Drama (Short)",58,Jeevan Bose,"Master Ayush, Anjali Nair, Mithun Ramesh",8.6,,8.6
Drishyam 2,Malayalam,19/02/21,"Crime, Drama, Thriller",152,Jeethu Joseph,"Mohanlal, Meena, Ansiba Hassan, Esther Anil",8.4,,8.4
Woman with a Movie Camera,Malayalam,,"Adventure, Documentary",104,Athira Joseph,,8.4,,8.4
Moral Nights,Malayalam,21/05/21,"Anthology, Thriller, Drama",93,S. Sunil,"Sandra Larwin, Sheethal Shyam, Honey Vinu, Deepthi Kalyani, Monisha",8.2,,8.2
Kannalan,Malayalam,,"Drama, Social",,,,8.2,,8.2
The Great Indian Kitchen,Malayalam,15/01/21,"Drama, Family",100,Jeo Baby,"Nimisha Sajayan, Suraj Venjaramoodu",8.1,,8.1
Chila Sankethika Kaaranangalal,Malayalam,,"Social Satire, Experimental",78,S.S. Jishnu Dev,,8.1,,8.1
Malik,Malayalam,15/07/21,"Crime, Drama, Thriller",162,Mahesh Narayanan,"Fahadh Faasil, Nimisha Sajayan, Joju George, Vinay Forrt",8,,8
Nayattu,Malayalam,08/04/21,"Crime, Drama, Thriller",124,Martin Prakkat,"Kunchacko Boban, Joju George, Nimisha Sajayan",8,,8
Operation Java,Malayalam,12/02/21,"Crime, Drama, Thriller",146,Tharun Moorthy,"Balu Varghese, Lukman Avaran, Irshad, Binu Pappu, Alexander Prasanth",8,,8
Cheraathukal,Malayalam,17/06/21,"Anthology, Romance, Drama",143,Various,"Sajin Cherukayil, Kani Kusruti, Nayana Elsa, Parvathy Arun, Sreejith Vijay",7.9,,7.9
Minnal Murali,Malayalam,24/12/21,"Action, Comedy, Drama, Superhero",158,Basil Joseph,"Tovino Thomas, Guru Somasundaram, Femina George",7.8,,7.8
Joji,Malayalam,07/04/21,"Crime, Drama, Thriller",113,Dileesh Pothan,"Fahadh Faasil, Baburaj, Unnimaya Prasad",7.8,,7.8
Jan.E.Man,Malayalam,19/11/21,"Comedy, Drama",147,Chidambaram,"Basil Joseph, Balu Varghese, Lal, Arjun Ashokan, Ganapathi, Abhiram Radhakrishnan",7.8,,7.8
Thinkalazhcha Nishchayam,Malayalam,29/10/21,"Comedy, Drama",109,Senna Hegde,"Ajisha Prabhakar, Arjun Ashokan, Anagha Narayanan, Rajesh Madhavan",7.7,,7.7
Madhuram,Malayalam,24/12/21,"Drama, Romance",122,Ahammed Khabeer,"Joju George, Shruti Ramachandran, Arjun Ashokan, Nikhila Vimal",7.6,,7.6
Vellam,Malayalam,22/01/21,Drama,154,Prajesh Sen,"Jayasurya, Samyuktha Menon, Siddique, Sreelakshmi",7.6,,7.6
Sakshi,Malayalam,,"Drama, Social",72,Prathap Joseph,"Ranjith Sajeev, Divya Gopinath",7.6,,7.6
Kuruthi,Malayalam,11/08/21,"Action, Drama, Thriller",122,Manu Warrier,"Prithviraj Sukumaran, Roshan Mathew, Srindaa, Murali Gopy, Naslen",7.5,,7.5
Kaanekkaane,Malayalam,17/09/21,"Drama, Thriller",120,Manu Ashokan,"Tovino Thomas, Suraj Venjaramoodu, Aishwarya Lekshmi",7.5,,7.5
Kshanam,Malayalam,26/11/21,"Horror, Thriller",144,Suresh Unnithan,"Ajmal Ameer, Sneha Ajith, Bharath Srinivasan",7.5,,7.5
Confessions of a Cuckoo,Malayalam,22/01/21,"Drama, Crime",97,Jay Jithin Prakash,"Durga Krishna, Nehrin Navas, Arjun Nandakumar",7.3,,7.3
Ole Kanda Naal,Malayalam,19/11/21,"Drama, Campus",122,Musthafa Gutz,"Anish Rehman, Aishwarya, Kiran Valoor, Hashim Kudilil",7.3,,7.3
Thirike,Malayalam,26/02/21,"Drama, Family",108,"George Kora, Sam Xavier","Gopi Krishnan, George Kora",7.2,,7.2
Kaatinarike,Malayalam,,"Drama, Family",136,Yedhu Radhakrishnan,"Kiran Raj, Meera Nair, Master Devadath",7.2,,7.2
Kurup,Malayalam,12/11/21,"Biography, Crime, Thriller",140,Srinath Rajendran,"Dulquer Salmaan, Indrajith Sukumaran, Shine Tom Chacko",7,,7
Churuli,Malayalam,19/11/21,"Mystery, Sci-Fi, Thriller",120,Lijo Jose Pellissery,"Chemban Vinod Jose, Vinay Forrt, Joju George",7,,7
Aarkkariyam,Malayalam,01/04/21,"Drama, Mystery",126,Sanu John Varughese,"Biju Menon, Parvathy Thiruvothu, Sharafudheen",6.9,,6.9
Vasanthi,Malayalam,,"Drama, Feminist Cinema",,"Rahman brothers (Rahman, Shinos)",Swasika Vijay,6.9,,6.9
Attention Please,Malayalam,26/11/21,"Drama, Thriller",118,Jithin Issac Thomas,"Vishnu Govindan, Anand Manmadhan, Jobin Paul",6.8,,6.8
Joyful Mystery,Malayalam,10/12/21,Drama,85,Jijo Joseph,"Joseph K. Joseph, Meera K. Joseph",6.8,,6.8
Kala,Malayalam,25/03/21,"Action, Drama, Psychological",130,Rohith V. S.,"Tovino Thomas, Lal, Divya Pillai",6.7,,6.7
Ajagajantharam,Malayalam,23/12/21,"Action, Drama",122,Tinu Pappachan,"Antony Varghese, Arjun Ashokan, Sabumon Abdusamad",6.7,,6.7
Insha,Malayalam,,Drama,,Anwar Kabeer,"Hemanth Menon, Meera Vasudevan",6.7,,6.7
Changayi,Malayalam,,Drama,122,Sudhesh Kumar,"Amal Shah, Govind V. Pai",6.7,,6.7
Sunny,Malayalam,23/09/21,Drama,93,Ranjith Sankar,Jayasurya,6.6,,6.6
Sara's,Malayalam,05/07/21,"Comedy, Drama, Romance",119,Jude Anthany Joseph,"Anna Ben, Sunny Wayne",6.5,,6.5
Meow,Malayalam,24/12/21,Drama,145,Lal Jose,"Soubin Shahir, Mamta Mohandas",6.5,,6.5
Deira Diaries,Malayalam,01/12/21,Drama,128,Mushtaque Rahman Kariyaden,"Abu Valayamkulam, Shobha Mohan",6.5,,6.5
Puzhayamma,Malayalam,,"Drama, Environmental",,Vijeesh Mani,"Linda Arsenio, Baby Meenakshi",6.5,,6.5
Paka (River of Blood),Malayalam,23/12/21,Drama,101,Nithin Lukose,"Basil Paulose, Vinitha Koshy, Jose Kizhakkan",6.4,,6.4
Enpathukalile Ebhyamar,Malayalam,17/09/21,Drama,113,Ajith V Thomas,"Arun S. Gopan, Sona Mukundan",6.4,,6.4
Kaadakalam,Malayalam,12/11/21,"Drama, Family",86,Bipin Ragu,"Manu Krishna, Sajitha Madathil",6.4,,6.4
Kanakam Moolam,Malayalam,15/10/21,"Drama, Social",100,Haris Mannancheril,"Neena Kurup, Rajeev Rajan, Sarika, Deepu, Krishnapriya",6.4,,6.4
Yuvam,Malayalam,12/02/21,"Drama, Thriller",113,Pinku Peter,"Amith Chakalakkal, Dayyana Hameed, Abhishek Raveendran",6.2,,6.2
Cold Case,Malayalam,30/06/21,"Crime, Horror, Thriller",139,Tanu Balak,"Prithviraj Sukumaran, Aditi Balan",6.1,,6.1
Ellam Sheriyakum,Malayalam,19/11/21,"Comedy, Drama, Political",138,Jibu Jacob,"Asif Ali, Rajisha Vijayan, Siddique",6.1,,6.1
Koora,Malayalam,,"Romance, Thriller, Mystery",,Manu Ashokan,"Nidheesh Nair, Diana Hameed",6.1,,6.1
Muddy,Malayalam,10/12/21,"Action, Thriller, Adventure",137,Dr. Pragabhal,"Yuvan Krishna, Ridhaan Krishna, Anusha Suresh",6.1,,6.1
The Priest,Malayalam,04/03/21,"Horror, Mystery, Thriller",140,Jofin T. Chacko,"Mammootty, Manju Warrier, Nikhila Vimal",6,,6
Guardian,Malayalam,01/01/21,Thriller,129,Prof. Satheesh Paul,"Saiju Kurup, Nayana Elsa",6,,6
RJ Madonna,Malayalam,19/11/21,"Drama, Romance",91,Hashim Marikar,"Amalendu K. Raj, Sana Althaf",6,,6
Ameera,Malayalam,19/11/21,Drama,91,Anish Varma,"Meenakshi Dinesh, Irshad Ali",6,,6
,,,,,,,,,
Title,Language,Release Date,Genre(s),Runtime (mins),Director,Lead Actor(s),IMDb Rating,BookMyShow Rating (/10),Average Rating (/10)
Puli Vachindi Meka Chachindi,Telugu,17-Dec-21,"Crime, Thriller",97,Raju Ramachandrapu,"Gopi, Sujith Raj, Aruna Kumari",9.6,,9.6
Virinchi,Telugu,,"Sci-Fi, Drama",,G.L.B. Srinivas,"G.L.B. Srinivas, Naveena, Gautham Raju",9.5,,9.5
Nee Jathaga,Telugu,26-Sep-21,"Drama, Romance",113,Karthik Vignesh,"Durga, Mahesh Vitta, Deepthi Sunaina",9.2,,9.2
Cycle,Telugu,,"Comedy, Romance, Drama",127,Aatla Arjun Reddy,"Punarnavi Bhupalam, Shoban, Mahati Bhikshu",9.1,,9.1
Manavoori Pandavulu,Telugu,,"Action, Drama",120,Sreenu Gattu,"Raghu Babu, Jogi Brothers",9.1,,9.1
Abhi's Kshana Kshanam,Telugu,,Drama,,Abhiram,"Adhire Abhi, Premsundeep",8.9,,8.9
Boys,Telugu,,"Comedy, Romance",,Vinay Kambhampati,"Harish Thummala, Preethi Sharma",8.8,,8.8
1997,Telugu,,"Action, Drama",137,Dr. Mohan Babu,"Dr. Mohan, Advaitha",8.7,,8.7
Ieandavi,Telugu,,"Horror, Thriller",117,Prasad Ramaraju,"Shobha Rani, Ravi Teja, Shivani",8.7,,8.7
Cheruvaina Dooramaina,Telugu,20-Aug-21,"Action, Drama, Romance",111,Ramu G. Naidu,"Sai Ramesh, Shruthi Reddy",8.6,,8.6
Vikram,Telugu,,"Drama, Thriller",,Siva Prasad Yanala,"Vikram Aditya, Veena",8.6,,8.6
Annapurnamma gari Manavadu,Telugu,,"Drama, Family",,Narra Siva Nageswara Rao,"Archana Shastry, Kathi Mahesh",8.6,,8.6
Telangana Devudu,Telugu,04/03/21,"Biography, Political",177,Harish Vadtya,"Srikanth, Ram Karthik, Suresh Kondeti",8.6,,8.6
Mr Lonely,Telugu,26/11/21,"Drama, Romance",108,Jaya Bhaskar,"Sridhar Rao, Yamini Bhaskar",8.4,,8.4
Brandy Diaries,Telugu,24/12/21,"Drama, Addiction",144,Shridhar Panchalam,"Srikanth, Vaibhavi Joshi",8.4,,8.4
Itlu Amma,Telugu,19/11/21,"Drama, Crime",112,Padmaja Thota,Revathi,8.3,,8.3
Chitram X,Telugu,,"Thriller, Sci-Fi",136,G. Siva Prasad,"Vikram, Madhu Shalini",8.2,,8.2
Drushyam 2,Telugu,25/11/21,"Crime, Drama, Thriller",155,Jeethu Joseph,"Venkatesh Daggubati, Meena, Esther Anil",8.1,,8.1
Raani,Telugu,,"Drama, Social",93,Raj Kishore,Priya Hegde,8.1,,8.1
Maa Oori Polimera,Telugu,10/11/21,"Horror, Thriller",138,Anil Vishwanath,"Kamakshi Bhaskarla, Satyam Rajesh",8.1,,8.1
Sita on the Road,Telugu,05/03/21,"Drama, Road Movie",115,Praneeth Yaron,"Kalpika Ganesh, Khatera Hakimi, Gayatri Gupta",8.1,,8.1
Bhagat Singh Nagar,Telugu,02/04/21,"Romance, Thriller",134,Vicky - Vasu,"Chethan Cheenu, Ishwarya Vullingala",8.1,,8.1
Itlu Anjali,Telugu,,"Crime, Thriller",,R. Raju,"Ananya Sharma, Raja Ravindra",8.1,,8.1
Chai Kahani,Telugu,12/02/21,"Romance, Drama, Short",54,Rajesh Harivansh,"Rakesh, Meghana",8.1,,8.1
In Nisha Apartments,Telugu,,"Thriller, Crime",105,Mujeer Pasha,"Asif Taj, Mahendra, Surya",8.1,,8.1
Missing: Search vs Revenge,Telugu,19/11/21,"Thriller, Drama",133,Srini Josyula,"Harsha Narra, Nikkesha, Misha Narang",8,,8
O Ammayi Crime Story,Telugu,16/07/21,"Crime, Mystery, Drama",129,Rajesh Harivansh,"Keerthi Chawla, Bharath Bandaru",8,,8
Dhamki,Telugu,,"Thriller, Drama",,Sai Krishna,"Kavya Raj, Arjun Singh",7.9,,7.9
Raave Naa Cheliya,Telugu,,"Romance, Drama",125,Satya Narayana,"Revanth, Anju Asrani",7.9,,7.9
Devineni,Telugu,31/12/21,"Biography, Political",122,Narra Siva Nageswara Rao,"Nandamuri Tharak, Ram Gopal",7.9,,7.9
Cinemabandi,Telugu,14/05/21,"Drama, Comedy",98,Praveen Kandregula,"Vikas Vasistha, Sandeep Varanasi",7.8,,7.8
Republic,Telugu,01/10/21,"Political, Drama",152,Deva Katta,"Sai Dharam Tej, Aishwarya Rajesh",7.8,,7.8
Naandhi,Telugu,19/02/21,"Crime, Drama, Thriller",146,Vijay Kanakamedala,"Allari Naresh, Varalaxmi Sarathkumar",7.8,,7.8
Street Light,Telugu,14/02/21,"Drama, Mystery, Thriller",132,V.K. Vijayendra Prasad,Tanya S. Desai,7.8,,7.8
Eda Thanunnado,Telugu,23/04/21,"Romance, Drama",107,P. Mahesh,"Karthik Raju, Punarnavi Bhupalam",7.8,,7.8
Theeram,Telugu,01/09/21,"Romance, Drama",144,Raj Madiraju,Naga Shaurya,7.7,,7.7
Thamasoma Jyothirgamaya,Telugu,30/08/21,Drama,93,Sree Vishnu,Gagan Vihari,7.7,,7.7
Pushpa: The Rise – Part 1,Telugu,17/12/21,"Action, Crime, Thriller",179,Sukumar,"Allu Arjun, Fahadh Faasil, Rashmika Mandanna",7.6,,7.6
Shyam Singha Roy,Telugu,24/12/21,"Drama, Romance, Mystery",155,Rahul Sankrityan,"Nani, Sai Pallavi",7.6,,7.6
Narappa,Telugu,20/07/21,"Drama, Action",153,Srikanth Addala,"Venkatesh Daggubati, Priyamani",7.6,,7.6
Ardha Shathabdham,Telugu,11/06/21,"Action, Drama, Social Drama",130,Rawindra Pulle,"Karthik Rathnam, Naveen Chandra, Krishna Priya",7.6,7.6,7.6
Play Back,Telugu,05/03/21,"Thriller, Sci-Fi",138,Hari Prasad Jakka,"Dinesh Tej, Ananya Nagalla",7.6,,7.6
The Trip,Telugu,,Drama,94,,,7.6,,7.6
Alanti Sitralu,Telugu,17/09/21,Drama,141,Supreeth C Krishna,"Shwetta Parashar, Ajay Kathurvar",7.6,,7.6
Prince the Fighter,Telugu,,"Action, Drama",121,,,7.6,,7.6
GST (God Saithan Tech),Telugu,,"Drama, Philosophical Fiction",139,,,7.6,,7.6
Shatagni – The Movie,Telugu,,"Crime, Drama",,Harsha Prawin,"Harsha Prawin, Rafi, RK Kranthi",7.6,,7.6
Aranya,Telugu,26/03/21,"Adventure, Drama",153,Prabhu Solomon,"Rana Daggubati, Vishnu Vishal, Shriya Pilgaonkar",7.5,7.9,7.7
Raja Raja Chora,Telugu,19/08/21,"Comedy, Drama, Romance",145,Hasith Goli,"Sree Vishnu, Megha Akash, Sunaina",7.5,8.2,7.85
Nenu Leni Naa Premakatha,Telugu,08/10/21,"Romance, Drama",123,Suresh Utharadi,"Naveen Chandra, Gayathri R. Suresh",7.5,,7.5
Doctor,Telugu,09/10/21,"Action, Thriller",148,Nelson Dilipkumar,"Sivakarthikeyan, Priyanka Arul Mohan",7.4,8.5,7.95
Jathi Ratnalu,Telugu,11/03/21,Comedy,145,Anudeep K.V,"Naveen Polishetty, Rahul Ramakrishna, Priyadarshi",7.4,8.3,7.85
Adbhutham,Telugu,19/11/21,"Sci-Fi, Romance",141,Mallik Ram,"Teja Sajja, Shivani Rajasekhar",7.4,,7.4
Senapathi,Telugu,31/12/21,"Crime, Drama",150,Pavan Sadineni,"Rajendra Prasad, Naresh Agastya",7.4,,7.4
Chalo Premiddam,Telugu,19/11/21,"Romance, Drama",150,Suresh Sekhar Gangula,"Sai Ronak, Neha Deshpande",7.4,,7.4
Nirbandham 2,Telugu,,"Action, Political Drama",,,,7.4,,7.4
Katari Krishna,Telugu,,Drama,,,,7.4,,7.4
Kadhanika,Telugu,,Horror,128,,,7.4,,7.4
Sreekaram,Telugu,11/03/21,"Drama, Inspirational",122,Kishore B,"Sharwanand, Priyanka Arul Mohan",7.3,8.1,7.7
Maa Oori Polimera,Telugu,10/11/21,"Horror, Thriller",98,Anil Vishwanath,"Satyam Rajesh, Kamakshi Bhaskarla",7.2,,7.2
One Small Story,Telugu,,"Drama, Comedy",134,Raju Rajendra Prasad,"Santhosh Sobhan, Kavya Thapar, Brahmaji",7.2,,7.2
Ms. Preethi,Telugu,,Drama,89,Harikumar Devarapalli,"Preethi Asrani, Naveen Neni",7.2,,7.2
Mail,Telugu,12/01/21,"Drama, Comedy",116,Uday Gurrala,"Harshith Malgireddy, Priyadarshi Pulikonda",7.2,,7.2
Back Door,Telugu,,"Romance, Drama",100,Karri Balaji,"Teja Tripurana, Poorna",7.2,,7.2
Climax,Telugu,04/06/21,Thriller,80,Bhavani Shankar K,"Sasha Singh, Sri Reddy",7.2,,7.2
Bro,Telugu,,Drama,140,Karthik Thupurani,"Naveen Chandra, Avika Gor",7.1,,7.1
Thimmarusu: Assignment Vali,Telugu,30/07/21,"Thriller, Legal Drama",127,Sharan Koppisetty,"Satyadev Kancharana, Priyanka Jawalkar",7.1,,7.1
Dear Megha,Telugu,03/09/21,"Romance, Drama",121,A. Sushanth Reddy,"Megha Akash, Arjun Somayajula",7.1,,7.1
Mission 2020,Telugu,,"Thriller, Crime",140,Sriman Keerthi,"Naveen Chandra, Pradeep Rawat",7.1,,7.1
Madhura Wines,Telugu,22/10/21,Drama,127,Jayakishore B,"Sunny Naveen, Seema Chowdhary",7.1,,7.1
Narasimhapuram,Telugu,30/07/21,"Action, Crime, Drama",115,Sriraj Balla,"Nanda Kishore, Siri Hanumanthu",7.1,,7.1
Deyyam,Telugu,16/04/21,"Horror, Thriller",98,Ram Gopal Varma,"Rajasekhar, Swati Dixit",7,,7
Priyuraalu,Telugu,17/09/21,"Romance, Drama",114,G.V.S.R. Krishna,"Preeti Asrani, Prudhvi Medavaram",7,,7
Gem,Telugu,,"Action, Thriller",124,Susheela Subrahmanyam,"Vijay Raja, Nakshatra",7,,7
Mr. X,Telugu,,"Crime, Thriller",,Manu Kiran,"Lohit Kumar, Pavani Reddy",7,,7
Avalambika,Telugu,,"Fantasy, Horror",125,Nagaraj Bodem,"Anusha, Charan Surya",7,,7
Blocked,Telugu,,"Horror, Thriller",131,K.S. Ramu,"Yashwanth, Sruthi Reddy",7,,7
Vakeel Saab,Telugu,09/04/21,"Drama, Legal, Thriller",153,Venu Sriram,"Pawan Kalyan, Nivetha Thomas",6.9,,6.9
Krack,Telugu,09/01/21,"Action, Crime, Drama",154,Gopichand Malineni,"Ravi Teja, Shruti Haasan",6.9,,6.9
Clue: A Love Thriller,Telugu,,"Thriller, Romance",123,Swamy Kumar,"Prabhas Seenu, Pavithra Lokesh",6.9,,6.9
Eakam,Telugu,19/11/21,"Anthology, Drama",125,Sampath Kumar,"Abhiram, Shyam, Dayanand Reddy",6.9,,6.9
Shaadi Mubarak,Telugu,05/03/21,"Romance, Comedy",136,Padmasri,"Sagar RK Naidu, Drishya Raghunath",6.9,,6.9
Super Over,Telugu,22/01/21,"Thriller, Crime",83,Praveen Varma,"Naveen Chandra, Chandini Chowdary",6.9,,6.9
Aakashavaani,Telugu,24/09/21,"Drama, Fantasy",124,Ashwin Gangaraju,"Samuthirakani, Vinay Varma, Teja Kakumanu",6.9,,6.9
Prayanikudu,Telugu,,"Action, Drama",,Krishna Chaitanya,"Krishna Chaitanya, Pavani",6.9,,6.9
Love Story,Telugu,24/09/21,"Romance, Drama",155,Sekhar Kammula,"Naga Chaitanya, Sai Pallavi",6.8,,6.8
Akhanda,Telugu,02/12/21,"Action, Fantasy, Drama",167,Boyapati Srinu,"Nandamuri Balakrishna, Pragya Jaiswal",6.8,,6.8
A (Ad Infinitum),Telugu,05/03/21,"Thriller, Mystery",153,Ugandhar Muni,"Nithin Prasanna, Preethi Asrani",6.8,,6.8
Point Blank,Telugu,,"Crime, Thriller",107,Kiran Kondamadugula,"Manoj Nandam, Anusha Nuthula",6.8,,6.8
Bomma Adirindi Dhimma Tirigindi,Telugu,29/10/21,"Horror, Comedy",109,Sai Rajesh,"Avantika, Shakalaka Shankar",6.8,,6.8
Wild World,Telugu,01/12/21,"Thriller, Drama",66,Pradeep Maddali,"Ravi Varma, Aparna Allamsetty",6.8,,6.8
Skylab,Telugu,04/12/21,"Period Drama, Comedy",148,Vishvak Khanderao,"Nithya Menen, Rahul Ramakrishna, Satyadev Kancharana",6.7,,6.7
Gramam,Telugu,,"Mystery, Horror",87,Veerendra Madanu,Unknown,6.7,,6.7
Arakulo Virago,Telugu,,"Thriller, Revenge",,Srilatha K,"Preethi Malinga, Vamshi Raj",6.7,,6.7
Zombie Reddy,Telugu,05/02/21,"Action, Comedy, Horror",130,Prasanth Varma,"Teja Sajja, Anandhi",6.6,,6.6
Maestro,Telugu,17/09/21,"Crime, Thriller",135,Merlapaka Gandhi,"Nithiin, Tamannaah Bhatia, Nabha Natesh",6.6,,6.6
Thellavarithe Guruvaram,Telugu,27/03/21,"Romance, Drama",120,Manikanth Gelli,"Sri Simha Koduri, Misha Narang",6.6,,6.6
The Killer,Telugu,,"Thriller, Crime",154,Venu M K,"Dileep, Pooja Gowda",6.6,,6.6
Poster,Telugu,25/03/21,"Drama, Motivation",143,T. Mahipal Reddy,"Vijay Dharan Datla, Rashi Singh",6.6,,6.6
Chaitanyam,Telugu,,"Drama, Social",132,Srinivas Shankar,Rishi Kandukuri,6.6,,6.6
I Am Meera,Telugu,,"Thriller, Drama",77,Unknown,Unknown,6.6,,6.6
Ksheera Sagara Madhanam,Telugu,,Drama,145,Anil Panguluri,"Sanjay Rao, Virti Vaghani",6.6,,6.6
Uppena,Telugu,12/02/21,"Romantic Drama, Action",147,Buchi Babu Sana,"Panja Vaisshnav Tej, Krithi Shetty, Vijay Sethupathi",6.5,,6.5
Red,Telugu,14/01/21,"Crime, Thriller",146,Kishore Tirumala,Ram Pothineni,6.5,,6.5
Natyam,Telugu,22/10/21,"Dance, Drama",136,Revanth Korukonda,Sandhya Raju,6.5,,6.5
Valasa,Telugu,,"Road Film, Drama",110,G Venu Gopal,Manoj Nandam,6.5,,6.5
Gaali Sampath,Telugu,11/03/21,"Comedy, Drama",130,Anish Krishna,"Sree Vishnu, Rajendra Prasad, Satya",6.5,,6.5
April 28 Em Jarigindi,Telugu,23/04/21,"Horror, Thriller",113,Veera Swamy,Rajiv Kanakala,6.5,,6.5
Cauliflower,Telugu,,Comedy,,RK Malineni,Sampoornesh Babu,6.5,,6.5
Jathiya Rahadari,Telugu,,Drama,103,Kiran Reddy Mandadi,"Shivanarayana, Praveen Yandamuri",6.5,,6.5
Journalist,Telugu,,"Thriller, Drama",108,Unknown,Unknown,6.5,,6.5
Check,Telugu,26/02/21,"Crime, Thriller",140,Chandra Sekhar Yeleti,"Nithiin, Rakul Preet Singh, Priya Prakash Varrier",6.4,,6.4
Varudu Kaavalenu,Telugu,29/10/21,"Romance, Drama",135,Lakshmi Sowjanya,"Naga Shaurya, Ritu Varma",6.4,,6.4
Nootokka Zillala Andagaadu,Telugu,03/09/21,"Comedy, Drama",125,Rachakonda Vidyasagar,"Srinivas Avasarala, Ruhani Sharma",6.4,,6.4
Nayeem Diaries,Telugu,,"Action, Crime, Drama",140,Venkatesh Rao,Unknown,6.4,,6.4
Corporator,Telugu,,"Political, Drama",142,Unknown,Unknown,6.4,,6.4
Rang De,Telugu,26/03/21,"Romance, Comedy",130,Venky Atluri,"Nithiin, Keerthy Suresh",6.3,,6.3
Honey Trap,Telugu,,"Romance, Thriller",111,Unknown,Unknown,6.3,,6.3
Pushpaka Vimanam,Telugu,12/11/21,"Comedy, Drama",142,Damodara,"Anand Deverakonda, Geeth Saini, Saanve Megghana",6.3,,6.3
Merise Merise,Telugu,20/08/21,"Romance, Drama",122,Pawan Kumar K,"Shweta Avasthi, Dinesh Tej",6.3,,6.3
Ee Kathalo Paathralu Kalpitam,Telugu,01/10/21,"Crime, Drama",119,Abhiram M,"Pavan Tej Konidela, Meghana",6.3,,6.3
Vivaha Bhojanambu,Telugu,27/08/21,"Comedy, Drama",120,Ram Abbaraju,"Satya, Aarjavee, Srikanth Iyengar",6.3,,6.3
Guduputani,Telugu,25/12/21,"Thriller, Drama",111,K.M. Kumar,"Sapthagiri, Neha Solanki",6.3,,6.3
Most Eligible Bachelor,Telugu,15/10/21,"Romance, Comedy",170,Bommarillu Baskar,"Akhil Akkineni, Pooja Hegde",6.2,,6.2
A1 Express,Telugu,05/03/21,"Sports, Drama",138,Dennis Jeevan Kanukolanu,"Sundeep Kishan, Lavanya Tripathi",6.2,,6.2
Lawyer Viswanath,Telugu,20/08/21,Legal Drama,132,B. Jaya Kumar,"Meghasri, Ali, Mouryaani",6.2,,6.2
Kapatadhaari,Telugu,19/02/21,"Crime, Thriller",136,Pradeep Krishnamoorthy,"Sumanth, Nandhita Swetha",6.2,,6.2
Mugguru Monagallu,Telugu,06/08/21,"Comedy, Crime",120,Abhilash Reddy Kankara,"Srinivasa Reddy, Dheekshith Shetty, Vennela Ramarao",6.2,,6.2
Savitri W/o Satyamurthy,Telugu,01/12/21,"Family, Drama",Unknown,Chaitanya Konda,"Roshni Sahota, Parameshwar Hivrale",6.2,,6.2
Atma Vasikaranam,Telugu,20/11/21,"Horror, Thriller",113,Gollapati Nageswara Rao,Unknown,6.2,,6.2
Wild Dog,Telugu,02/04/21,"Action, Thriller",145,Ahishor Solomon,"Nagarjuna Akkineni, Dia Mirza",6.1,,6.1
Plan B,Telugu,07/05/21,"Thriller, Mystery",121,Viplove Koneti,"Srinivas Reddy, Murali Sharma",6.1,,6.1
Sridevi Soda Center,Telugu,27/08/21,"Action, Romance",154,Karuna Kumar,"Sudheer Babu, Anandhi",6.1,,6.1
Father Chitti Umaa Kaarthik,Telugu,29/10/21,"Drama, Family",166,Vidyasagar Raju,"Brahmanandam, Amit Sharma",6.1,,6.1
RGV Missing,Telugu,12/03/21,"Satire, Thriller",Unknown,Sripuram Kiran,Unknown,6.1,,6.1
Vittalwadi,Telugu,10/12/21,"Romance, Drama",139,Rajani Rajababu,"Srikanth Reddy, Sravani Nikitha",6,,6
Balamitra,Telugu,20/11/21,"Thriller, Action",104,Satya Rachakonda,"Yug Ram, Sanjana Choudhary",6,,6
Love 2 Love,Telugu,24/12/21,"Romance, Drama",Unknown,Sreeram Mandalapu,"Rohit Reddy, Sree Priya",6,,6
,,,,,,,,,
Title,Language,Release Date,Genre(s),Runtime (mins),Director,Lead Actor(s),IMDb Rating,BookMyShow Rating (/10),Average Rating (/10)
Akshi,Kannada,03/12/21,"Drama, Social",127,Manoj Kumar,"Govinde Gowda, Ilaa Vitla",9.8,9.6,9.7
Nan Hesaru Kishora Yel Pass Yentu,Kannada,19/11/21,"Family, Drama",127,Bharathi Shankar,"Dattanna, Tabla Nani, Pavan Teja",9,6.9,7.95
Groufie,Kannada,20/08/21,"Drama, Mystery",112,Ravi Arjun D,"Aryan SG, Padmashree C Jain",9,7.1,8.05
Nimmuru,Kannada,12/02/21,"Action, Drama",159,Vijay S,"Lucky Raam, Rajashekhar Davanagere",9,8.5,8.75
Sri Jagannatha Daasaru,Kannada,10/12/21,"Historical, Biopic",130,Madhusudhan Havaldar,"Sharath Joshi, Trivikram Joshi",8.9,9.6,9.25
Kartha,Kannada,26/02/21,Drama,155,Durga P.S.,"Vinod Patil, Deepthi Manne",8.7,,8.7
Idu Akashavani Bengaluru Nilaya,Kannada,08/10/21,"Horror, Thriller",,M. Harikrishna,"Nikitha Swamy, Ranveer Patil, Suchendra Prasad",8.7,,8.7
Mahishasura,Kannada,08/01/21,"Action, Crime, Drama",116,Uday Prasanna,"Arjun Rao, Bindhu Shree, Raj Manju",8.7,,8.7
Salt,Kannada,26/02/21,"Comedy, Crime",130,Chandu Chatrapati,"Bharath Nanda, Shalini M, Yelsten",8.6,,8.6
Gulal.com,Kannada,05/11/21,"Friendship, Youth",111,Shivu Jamkhandi,"Tabla Nani, Divakar, Nethra Gagan",8.5,,8.5
Kushka,Kannada,26/02/21,"Crime, Comedy, Drama",122,Vikram Yoganand,"Guruprasad, Kailash Pal, Sanjana Anand",8.5,7,7.75
Padaka,Kannada,26/01/21,"Family, Drama",120,R. Aditya Chiranjeevi,"Suresh Vishwanath, Aman Vijay, Sachin",8.4,,8.4
Osho,Kannada,10/09/21,"Action, Drama",88,Ziaullah Khan,"Anand Itagi, Deepa Gowda",8.4,7.8,8.1
Ratnan Prapancha,Kannada,22/10/21,"Comedy, Drama",147,Rohit Padaki,"Dhananjay, Reba Monica John, Umashri",8.3,,8.3
Neeli Hakki,Kannada,27/11/21,Drama,109,Ganesh Hegde,—,8.3,,8.3
Garuda Gamana Vrishabha Vahana,Kannada,19/11/21,"Action, Drama, Crime",151,Raj B. Shetty,"Raj B. Shetty, Rishab Shetty",8.2,9.3,8.75
Rhymes,Kannada,10/12/21,"Thriller, Crime",121,Ajith Kumar J.,"Shubha Poonja, Ajith Jayaraj",8.2,7.8,8
Soham,Kannada,21/12/21,"Romance, Drama",114,Harish Kumar,"Harish Kumar, Sushupti Dreams, Manjunatha Somashekar",8.2,,8.2
Laddu,Kannada,22/01/21,"Comedy, Romance",127,R. Ramanand,"Sameer Nagarad, Rockline Sudhakar, Bindushree (YouTube, BookMyShow)",8,,8
Premam Poojyam,Kannada,12/11/21,Romantic Drama,173,Dr Raghavendra B S,"Prem Kumar, Brinda Acharya, Aindrita Ray",7.9,,7.9
Kapo Kalpitham,Kannada,26/11/21,"Crime, Thriller",101,Sumithra Ramesh Gowda,"Preetham Makkihaali, Sumithra Gowda",7.9,,7.9
Puksatte Lifu Pursotte Illa,Kannada,,Drama,118,Aravind Sastry,"Sanchitha Shetty, Raghu Pandeshwar",7.7,,7.7
Buy 1 Get 1 Free,Kannada,,"Comedy, Romance",135,Likith Shetty,"Rishita Malnad, Bala Rajwadi, Manu Milan, Kishore G",7.7,,7.7
Kannadiga,Kannada,,Biographical Drama,135,S. Narayan,"Basavanna, Rev Kittel’s portrayal",7.7,,7.7
Kanasu Maratakkide,Kannada,,Drama,132,Unknown,"Suchethan Swaroop Vaidyanath, Shri Manjunatha Murthy",7.7,,7.7
Talaq Talaq Talaq,Kannada,22/01/21,Social Drama,112,Milaan Dhanu,"Suchethan Swaroop Vaidyanath, RJ Nethra, Shamanth Vaidya",7.6,,7.6
Mugil Pete,Kannada,,Romantic Drama,130,Unknown,Unknown,7.5,,7.5
Drishya 2,Kannada,12/11/21,"Crime, Thriller",115,P. Vasu,"Anant Nag, Prabhu, Aarohi Narayan, Unnathi V. Shetty",7.5,,7.5
Koli Taal,Kannada,05-Aug-21,"Drama, Comedy",92,Abhilash Shetty,"Radha Ramachandra, Prabhakar Kunder",7.4,,7.4
Badava Rascal,Kannada,24-Dec-21,"Action, Comedy",133,Shankar Guru,"Dhananjay, Amrutha Iyengar",7.3,8.2,7.75
Sakath,Kannada,26-Nov-21,"Comedy, Court Drama",145,Simple Suni,"Ganesh, Nishvika Naidu, Surbhi",7.3,8.1,7.7
Raktha Gulabi,Kannada,05-Mar-21,"Crime, Drama, Romance",132,Rabi Machinekad,"Vikramadithya, Shivani, Maanikya GN",7.3,,7.3
Pedro,Kannada,09 Oct 2021†,"Drama, Mystery",108,Natesh Hegde,"Gopal Hegde, Ramakrishna Bhat Dundi",7.2,,7.2
Hitler,Kannada,12-Nov-21,"Action, Thriller",108,Unknown,"Bala Rajwadi, Lohith",7.2,,7.2
Thirgusomeese,Kannada,08 Oct 2021†,"Drama, Thriller",103,Krishna Vijay,"Sree Vishnu, Nikki Tamboli",7,,7
Ikkat,Kannada,21-Jul-21,"Comedy, Drama",125,Esham & Haseen Khan,"Nagabhushana, Bhoomi Shetty",6.9,,6.9
Huttu Habbada Shubhashayagalu,Kannada,31-Dec-21,Crime-Thriller,135,Nagaraj Bethur,"Diganth Manchale, Kavitha Gowda",6.9,,6.9
Krishna Talkies,Kannada,16-Apr-21,"Horror, Thriller",146,Vijay Anand,"Ajay Rao, Sindhu Lokanath, Apoorva, Chikkanna",6.8,,6.8
Tom and Jerry,Kannada,12-Nov-21,Romantic Comedy,153,Raaghav Vinay Shivagange,"Nischith Korodi, Chaitra Rao",6.7,8.5,7.6
Amruth Apartments,Kannada,10-Dec-21,"Drama, Thriller",133,Bharath Krishnamurthy,"Sai Prakash, Hemanth Kumar",6.7,,6.7
Seetharaam Benoy Case… Eighteen,Kannada,15-Aug-21,"Crime, Thriller",125,Bharath Puttanna Kanagal,"Vijay Raghavendra, Benoy",6.6,,6.6
Govinda Govinda,Kannada,26-Nov-21,"Crime, Comedy",139,Krishna Ramesh,"Dhanya Ramkumar, Suraj Gowda",6.6,,6.6
Ninna Sanihake,Kannada,08-Oct-21,"Romance, Comedy",155,Hemanth Rao,"Vijay Raghavendra, Amrutha Iyengar",6.6,,6.6
1980,Kannada,05-Nov-21,"Mystery, Thriller",110,Lingaraj MK,Priyanka Upendra,6.6,,6.6
Jai Bhajrangi,Kannada,26-Mar-21,"Action, Fantasy",156,Vijay Kumar S,"Ugrram Manju, Ganavi Laxman, Bharath Raj",6.5,,6.5
Hero,Kannada,05-Mar-21,Drama,125,M. Bharath Raj,"Rishab Shetty, Pramod Shetty, Pratheek Shetty",6.4,,6.4
Yuvarathnaa,Kannada,01-Apr-21,"Action, Drama",161,Santhosh Ananddram,"Puneeth Rajkumar, Sayyeshaa, Dhananjay, Prakash Raj",6.3,8.3,7.3
Love You Rachchu,Kannada,31-Dec-21,"Romance, Thriller",138,VD Rajendra,"Ajay Rao, Rachita Ram",6.3,,6.3